{
  "metadata": {
    "device": "cuda",
    "gpu": "NVIDIA A100-SXM4-40GB",
    "cuda_version": "12.8",
    "text_samples": 64,
    "text_batch_size": 8,
    "image_samples": 16,
    "image_batch_size": 4,
    "image_size": 512,
    "warmup_steps": 3,
    "measure_steps": 10
  },
  "results": {
    "BASE_text_queries_bs8": {
      "scenario": "text_queries_bs8",
      "total_items": 80,
      "total_time_s": 0.38549593297648244,
      "throughput_items_per_s": 207.52488718183307,
      "latency_mean_ms_per_batch": 38.549593297648244,
      "latency_std_ms_per_batch": 2.982040868731989,
      "cuda_memory_allocated_MB": 16753.10498046875,
      "cuda_max_memory_allocated_MB": 16789.56005859375,
      "cuda_max_memory_reserved_MB": 16816.0
    },
    "BASE_text_queries_bs16": {
      "scenario": "text_queries_bs16",
      "total_items": 160,
      "total_time_s": 0.3969667299243156,
      "throughput_items_per_s": 403.0564476536991,
      "latency_mean_ms_per_batch": 39.69667299243156,
      "latency_std_ms_per_batch": 3.4470658475987612,
      "cuda_memory_allocated_MB": 16773.52685546875,
      "cuda_max_memory_allocated_MB": 16843.68359375,
      "cuda_max_memory_reserved_MB": 16892.0
    },
    "BASE_text_queries_bs32": {
      "scenario": "text_queries_bs32",
      "total_items": 320,
      "total_time_s": 0.5580103210231755,
      "throughput_items_per_s": 573.4660954178115,
      "latency_mean_ms_per_batch": 55.80103210231755,
      "latency_std_ms_per_batch": 2.241342931843157,
      "cuda_memory_allocated_MB": 16816.87646484375,
      "cuda_max_memory_allocated_MB": 16963.6806640625,
      "cuda_max_memory_reserved_MB": 17020.0
    },
    "BASE_text_queries_bs64": {
      "scenario": "text_queries_bs64",
      "total_items": 640,
      "total_time_s": 1.0538941310078371,
      "throughput_items_per_s": 607.2716235623868,
      "latency_mean_ms_per_batch": 105.38941310078371,
      "latency_std_ms_per_batch": 5.655412376517166,
      "cuda_memory_allocated_MB": 16905.44189453125,
      "cuda_max_memory_allocated_MB": 17196.95068359375,
      "cuda_max_memory_reserved_MB": 17322.0
    },
    "BASE_text_queries_bs128": {
      "scenario": "text_queries_bs128",
      "total_items": 1280,
      "total_time_s": 2.046677239006385,
      "throughput_items_per_s": 625.4039355132569,
      "latency_mean_ms_per_batch": 204.66772390063852,
      "latency_std_ms_per_batch": 3.653151622398712,
      "cuda_memory_allocated_MB": 17079.69921875,
      "cuda_max_memory_allocated_MB": 17682.9501953125,
      "cuda_max_memory_reserved_MB": 17854.0
    },
    "BASE_text_queries_bs256": {
      "scenario": "text_queries_bs256",
      "total_items": 2560,
      "total_time_s": 4.029545994999353,
      "throughput_items_per_s": 635.3073033976899,
      "latency_mean_ms_per_batch": 402.9545994999353,
      "latency_std_ms_per_batch": 5.36477957345868,
      "cuda_memory_allocated_MB": 17422.7431640625,
      "cuda_max_memory_allocated_MB": 18603.994140625,
      "cuda_max_memory_reserved_MB": 18920.0
    }
  }
}