{
  "metadata": {
    "device": "cuda",
    "gpu": "NVIDIA A100-SXM4-40GB",
    "cuda_version": "12.8",
    "text_samples": 64,
    "text_batch_size": 8,
    "image_samples": 16,
    "image_batch_size": 4,
    "image_size": 512,
    "warmup_steps": 3,
    "measure_steps": 10
  },
  "results": {
    "BASE_text_queries_bs8": {
      "scenario": "text_queries_bs8",
      "total_items": 80,
      "total_time_s": 0.39202886799466796,
      "throughput_items_per_s": 204.06660460802618,
      "latency_mean_ms_per_batch": 39.202886799466796,
      "latency_std_ms_per_batch": 2.9904494590286523,
      "cuda_memory_allocated_MB": 8494.61865234375,
      "cuda_max_memory_allocated_MB": 8526.15966796875,
      "cuda_max_memory_reserved_MB": 8544.0
    },
    "BASE_text_queries_bs16": {
      "scenario": "text_queries_bs16",
      "total_items": 160,
      "total_time_s": 0.39821231295354664,
      "throughput_items_per_s": 401.79571247628587,
      "latency_mean_ms_per_batch": 39.821231295354664,
      "latency_std_ms_per_batch": 3.379933944314112,
      "cuda_memory_allocated_MB": 8515.04052734375,
      "cuda_max_memory_allocated_MB": 8577.595703125,
      "cuda_max_memory_reserved_MB": 8610.0
    },
    "BASE_text_queries_bs32": {
      "scenario": "text_queries_bs32",
      "total_items": 320,
      "total_time_s": 0.4143788680084981,
      "throughput_items_per_s": 772.2401519602525,
      "latency_mean_ms_per_batch": 41.43788680084981,
      "latency_std_ms_per_batch": 3.778064668909902,
      "cuda_memory_allocated_MB": 8570.14013671875,
      "cuda_max_memory_allocated_MB": 8714.36376953125,
      "cuda_max_memory_reserved_MB": 8754.0
    },
    "BASE_text_queries_bs64": {
      "scenario": "text_queries_bs64",
      "total_items": 640,
      "total_time_s": 0.707842998963315,
      "throughput_items_per_s": 904.1553012989098,
      "latency_mean_ms_per_batch": 70.7842998963315,
      "latency_std_ms_per_batch": 1.315115867576682,
      "cuda_memory_allocated_MB": 8659.01806640625,
      "cuda_max_memory_allocated_MB": 8921.45654296875,
      "cuda_max_memory_reserved_MB": 9036.0
    },
    "BASE_text_queries_bs128": {
      "scenario": "text_queries_bs128",
      "total_items": 1280,
      "total_time_s": 1.336997839011019,
      "throughput_items_per_s": 957.3687874819749,
      "latency_mean_ms_per_batch": 133.6997839011019,
      "latency_std_ms_per_batch": 3.7639877687347845,
      "cuda_memory_allocated_MB": 8821.244140625,
      "cuda_max_memory_allocated_MB": 9355.4951171875,
      "cuda_max_memory_reserved_MB": 9602.0
    },
    "BASE_text_queries_bs256": {
      "scenario": "text_queries_bs256",
      "total_items": 2560,
      "total_time_s": 2.6331398820038885,
      "throughput_items_per_s": 972.2233207192065,
      "latency_mean_ms_per_batch": 263.31398820038885,
      "latency_std_ms_per_batch": 5.947743161805968,
      "cuda_memory_allocated_MB": 9164.8193359375,
      "cuda_max_memory_allocated_MB": 10218.79443359375,
      "cuda_max_memory_reserved_MB": 10696.0
    }
  }
}