{
  "metadata": {
    "device": "cuda",
    "gpu": "NVIDIA A100-SXM4-40GB",
    "cuda_version": "12.8",
    "text_samples": 64,
    "text_batch_size": 8,
    "image_samples": 16,
    "image_batch_size": 4,
    "image_size": 512,
    "warmup_steps": 3,
    "measure_steps": 10
  },
  "results": {
    "AWQ_text_queries_bs8": {
      "scenario": "text_queries_bs8",
      "total_items": 80,
      "total_time_s": 0.7574416709830984,
      "throughput_items_per_s": 105.61869390703897,
      "latency_mean_ms_per_batch": 75.74416709830984,
      "latency_std_ms_per_batch": 2.1747447417066126,
      "cuda_memory_allocated_MB": 6960.72216796875,
      "cuda_max_memory_allocated_MB": 6996.81787109375,
      "cuda_max_memory_reserved_MB": 7304.0
    },
    "AWQ_text_queries_bs16": {
      "scenario": "text_queries_bs16",
      "total_items": 160,
      "total_time_s": 1.2611012099660002,
      "throughput_items_per_s": 126.87324279413994,
      "latency_mean_ms_per_batch": 126.11012099660002,
      "latency_std_ms_per_batch": 1.9824142168377072,
      "cuda_memory_allocated_MB": 6981.14404296875,
      "cuda_max_memory_allocated_MB": 7051.04296875,
      "cuda_max_memory_reserved_MB": 7358.0
    },
    "AWQ_text_queries_bs32": {
      "scenario": "text_queries_bs32",
      "total_items": 320,
      "total_time_s": 2.395048895996297,
      "throughput_items_per_s": 133.6089632804285,
      "latency_mean_ms_per_batch": 239.50488959962968,
      "latency_std_ms_per_batch": 2.2407504251445274,
      "cuda_memory_allocated_MB": 7021.99365234375,
      "cuda_max_memory_allocated_MB": 7163.6884765625,
      "cuda_max_memory_reserved_MB": 7264.0
    },
    "AWQ_text_queries_bs64": {
      "scenario": "text_queries_bs64",
      "total_items": 640,
      "total_time_s": 1.1903867019864265,
      "throughput_items_per_s": 537.6404146081411,
      "latency_mean_ms_per_batch": 119.03867019864265,
      "latency_std_ms_per_batch": 4.645883956335322,
      "cuda_memory_allocated_MB": 7113.68408203125,
      "cuda_max_memory_allocated_MB": 7471.43505859375,
      "cuda_max_memory_reserved_MB": 7640.0
    },
    "AWQ_text_queries_bs128": {
      "scenario": "text_queries_bs128",
      "total_items": 1280,
      "total_time_s": 2.14845075798803,
      "throughput_items_per_s": 595.7781416403919,
      "latency_mean_ms_per_batch": 214.845075798803,
      "latency_std_ms_per_batch": 3.4723966631036634,
      "cuda_memory_allocated_MB": 7287.31640625,
      "cuda_max_memory_allocated_MB": 7924.5673828125,
      "cuda_max_memory_reserved_MB": 8032.0
    },
    "AWQ_text_queries_bs256": {
      "scenario": "text_queries_bs256",
      "total_items": 2560,
      "total_time_s": 4.031712100113509,
      "throughput_items_per_s": 634.9659738670143,
      "latency_mean_ms_per_batch": 403.1712100113509,
      "latency_std_ms_per_batch": 5.4759334104149335,
      "cuda_memory_allocated_MB": 7630.3603515625,
      "cuda_max_memory_allocated_MB": 8811.466796875,
      "cuda_max_memory_reserved_MB": 9276.0
    },
    "AWQ_text_queries_bs512": {
      "scenario": "text_queries_bs512",
      "total_items": 5120,
      "total_time_s": 8.10164391802391,
      "throughput_items_per_s": 631.9705052217143,
      "latency_mean_ms_per_batch": 810.164391802391,
      "latency_std_ms_per_batch": 16.596966081188075,
      "cuda_memory_allocated_MB": 8393.0810546875,
      "cuda_max_memory_allocated_MB": 10809.85498046875,
      "cuda_max_memory_reserved_MB": 11690.0
    }
  }
}