{
  "metadata": {
    "device": "cuda",
    "gpu": "NVIDIA A100-SXM4-40GB",
    "cuda_version": "12.8",
    "text_samples": 64,
    "text_batch_size": 8,
    "image_samples": 16,
    "image_batch_size": 4,
    "image_size": 512,
    "warmup_steps": 3,
    "measure_steps": 10
  },
  "results": {
    "AWQ_text_queries_bs8": {
      "scenario": "text_queries_bs8",
      "total_items": 80,
      "total_time_s": 0.7176016079320107,
      "throughput_items_per_s": 111.4824703787169,
      "latency_mean_ms_per_batch": 71.76016079320107,
      "latency_std_ms_per_batch": 3.37823472642822,
      "cuda_memory_allocated_MB": 3380.51318359375,
      "cuda_max_memory_allocated_MB": 3457.31982421875,
      "cuda_max_memory_reserved_MB": 4044.0
    },
    "AWQ_text_queries_bs16": {
      "scenario": "text_queries_bs16",
      "total_items": 160,
      "total_time_s": 0.7218851360375993,
      "throughput_items_per_s": 221.64190951241088,
      "latency_mean_ms_per_batch": 72.18851360375993,
      "latency_std_ms_per_batch": 3.6130900433959687,
      "cuda_memory_allocated_MB": 3400.93505859375,
      "cuda_max_memory_allocated_MB": 3508.896484375,
      "cuda_max_memory_reserved_MB": 3618.0
    },
    "AWQ_text_queries_bs32": {
      "scenario": "text_queries_bs32",
      "total_items": 320,
      "total_time_s": 0.7335698229726404,
      "throughput_items_per_s": 436.2229606218887,
      "latency_mean_ms_per_batch": 73.35698229726404,
      "latency_std_ms_per_batch": 3.7920588812832676,
      "cuda_memory_allocated_MB": 3456.78466796875,
      "cuda_max_memory_allocated_MB": 3636.7060546875,
      "cuda_max_memory_reserved_MB": 3694.0
    },
    "AWQ_text_queries_bs64": {
      "scenario": "text_queries_bs64",
      "total_items": 640,
      "total_time_s": 0.802411582932109,
      "throughput_items_per_s": 797.5956648847996,
      "latency_mean_ms_per_batch": 80.2411582932109,
      "latency_std_ms_per_batch": 0.49746404274241884,
      "cuda_memory_allocated_MB": 3539.53759765625,
      "cuda_max_memory_allocated_MB": 3827.66357421875,
      "cuda_max_memory_reserved_MB": 3998.0
    },
    "AWQ_text_queries_bs128": {
      "scenario": "text_queries_bs128",
      "total_items": 1280,
      "total_time_s": 1.378692828991916,
      "throughput_items_per_s": 928.4156507406519,
      "latency_mean_ms_per_batch": 137.8692828991916,
      "latency_std_ms_per_batch": 3.8552916610616,
      "cuda_memory_allocated_MB": 3712.013671875,
      "cuda_max_memory_allocated_MB": 4247.22021484375,
      "cuda_max_memory_reserved_MB": 4590.0
    },
    "AWQ_text_queries_bs256": {
      "scenario": "text_queries_bs256",
      "total_items": 2560,
      "total_time_s": 2.618209490989102,
      "throughput_items_per_s": 977.767443289226,
      "latency_mean_ms_per_batch": 261.8209490989102,
      "latency_std_ms_per_batch": 5.659790766256898,
      "cuda_memory_allocated_MB": 4051.2138671875,
      "cuda_max_memory_allocated_MB": 5105.08984375,
      "cuda_max_memory_reserved_MB": 5758.0
    },
    "AWQ_text_queries_bs512": {
      "scenario": "text_queries_bs512",
      "total_items": 5120,
      "total_time_s": 5.20029729095404,
      "throughput_items_per_s": 984.5590960551971,
      "latency_mean_ms_per_batch": 520.029729095404,
      "latency_std_ms_per_batch": 10.07839356760834,
      "cuda_memory_allocated_MB": 4814.8720703125,
      "cuda_max_memory_allocated_MB": 6961.89599609375,
      "cuda_max_memory_reserved_MB": 8138.0
    }
  }
}